{"cameraMode":{"drawMode":0,"name":"Shaded","section":"Shading Mode"},"sceneLighting":true,"audioPlay":false,"sceneViewState":{"showFog":true,"showMaterialUpdate":false,"showSkybox":true,"showFlares":true,"showImageEffects":true,"showParticleSystems":true},"in2DMode":false,"pivot":{"x":-0.41556835174560549,"y":1.9167677164077759,"z":0.10001863539218903},"rotation":{"x":0.002127675339579582,"y":-0.7049804925918579,"z":0.002114943927153945,"w":0.7092228531837463},"size":7.0459723472595219,"orthographic":false}